par1,par2,par3,par4,par5,par6,area_m2
225.9516,0.3024725,37.47302,2.002758,137.597518550608,29.0548653919684,392590000
