par1,par2,par3,par4,par5,par6,area_m2
227.790087839611,3.54347775049863e-07,6.23224984639615,1,90.8310936521594,1.78422019319723,41675400.59
