par1,par2,par3,par4,par5,par6,area_m2
724.794778621776,0.203511834318486,13.2655785008054,1.40065552617928,552.240028023269,9.85310454811765,101683532.1
