par1,par2,par3,par4,par5,par6,area_m2
134.028904406277,-15.3974967663349,485.898055255323,1.00875544249016,49.4025509237312,122.952432226034,1144391000
