par1,par2,par3,par4,par5,par6,area_m2
2071.87043288557,0.897796392993728,17.9924179279981,1.00000000144482,822.415779406409,5.12393901797363,91069000
