par1,par2,par3,par4,par5,par6,area_m2
377.911723693005,-29.9999999995323,769.336835853607,1.00000000000007,207.992499674547,164.03509337791,498282000
