par1,par2,par3,par4,par5,par6,area_m2
1043.35657304583,0.456319754792911,22.1946378716816,1.64553103348674,556.882183378626,20.4631168203027,1832014000
