par1,par2,par3,par4,par5,par6,area_m2
255.815292561706,-0.198641728040066,11.9553920449196,1.03573446004699,26.0266554386164,2.48363589621574,294226000
