par1,par2,par3,par4,par5,par6,area_m2
225.228479546471,-0.00407022786658386,7.87001133503426,1.18693973242651,2.88354084957417e-12,2.91366751183818,278580394.4
