par1,par2,par3,par4,par5,par6,area_m2
758.968817448367,-1.04162189862103,25.6741935806789,1.16742753087068,107.317062632261,6.44330089421495,383919000
