par1,par2,par3,par4,par5,par6,area_m2
132.359884784966,-15.7412750600766,379.343409586592,1,177.201809896811,108.72727477273,178953000
