par1,par2,par3,par4,par5,par6,area_m2
3369.9413020156,0.68781527307961,70.7168182869627,1.00000000000001,1512.03900465284,38.6694452385764,105827000
