par1,par2,par3,par4,par5,par6,area_m2
503.053554787931,-0.00228456360754719,14.3995043881376,1.37051815834464,298.806611611017,14.3995039842013,96574272.08
