par1,par2,par3,par4,par5,par6,area_m2
678.050627677662,0.326199434166138,7.59811749785549,1.29361285909277,3.68401247643219,3.49645103906462,392590000
