par1,par2,par3,par4,par5,par6,area_m2
1523.00526310799,2.70791487838546,68.5724697315898,1.00000000000078,666.628369879798,38.4820498904824,128074000
