par1,par2,par3,par4,par5,par6,area_m2
903.499039863961,0.822909952228452,34.6980685927225,1.39058381109237,347.628094982811,13.9069471670264,990033000
