par1,par2,par3,par4,par5,par6,area_m2
340.724106200414,-0.247756011247042,16.0911495156966,1.01262888969437,203.555311025809,12.7260326711659,152145932.6
