par1,par2,par3,par4,par5,par6,area_m2
744.315437672409,0.145277390727463,11.0000639822748,1.00000000020519,409.597944065145,5.14529884392658,153827000
