par1,par2,par3,par4,par5,par6,area_m2
159.13951934407,-10.7836513506885,363.000835341427,1,100.634923240355,99.9959880517192,456768000
