par1,par2,par3,par4,par5,par6,area_m2
200.6211028023,-0.278278158657232,7.16603182767344,1.00035321337289,0.981669207707661,6.67228987531877e-16,299934000
