par1,par2,par3,par4,par5,par6,area_m2
234.059240777154,0.0263014811789976,5.27799587525988,3.41670423517253,3.96121291673432e-13,1.9091698491352,1292292000
