par1,par2,par3,par4,par5,par6,area_m2
346.093517315032,0.000145636940268953,1.00000000000116,3.2171580628115,141.353291921113,0.956922356209423,1233342000
