par1,par2,par3,par4,par5,par6,area_m2
579.531243124458,0.188391385600641,3.93758208566982,1.33291267794262,51.3304368470406,2.19633451719062,669788000
