par1,par2,par3,par4,par5,par6,area_m2
46.6926841619554,-29.9999999605189,482.235859157847,2.4782420217634,6.02161663043299,113.066074473211,1652605000
