par1,par2,par3,par4,par5,par6,area_m2
1499.01400073243,-1.84042395356358,66.2513644103879,1,628.07177283441,32.3858809996539,1518780000
