par1,par2,par3,par4,par5,par6,area_m2
381.929164138413,-1.29182473246381,14.6097158014551,1,158.494165540745,10.9985542588105,38661784.68
