par1,par2,par3,par4,par5,par6,area_m2
386.784008040324,-9.62526684066901,146.72490915654,1.76993127055107,386.784007793437,8.90431677863156e-07,663374000
