par1,par2,par3,par4,par5,par6,area_m2
607.941113050379,0.306769118611433,8.79889792560109,2.03284076686398,189.56580554421,3.6579672475391,328418000
