par1,par2,par3,par4,par5,par6,area_m2
1392.77208692881,1.23830641594022,145.550150910182,1,584.028462197151,54.2524775093026,415746000
