par1,par2,par3,par4,par5,par6,area_m2
1230.84494462748,2.34977293766801,105.334065811811,1,580.819012747599,41.903560006682,578723000
