par1,par2,par3,par4,par5,par6,area_m2
194.621219017087,-0.924459971505217,12.3600087403396,1,4.36797952107868e-13,6.94696884406593,186377000
