par1,par2,par3,par4,par5,par6,area_m2
2270.49745918763,-0.0491357168090589,9.67048380820323,1.00000000000125,833.160710043823,6.12366966342312,20498935.41
