par1,par2,par3,par4,par5,par6,area_m2
771.013297064485,-0.342453439099563,4.14896633352257,3.316474629614,505.790865114548,3.27305754695574,1592586000
