par1,par2,par3,par4,par5,par6,area_m2
853.143745584279,-1.57597592973987,20.1750231996459,1.40254597672317,604.928992547988,1.70625314209908e-11,209191000
