par1,par2,par3,par4,par5,par6,area_m2
273.982333718632,0.000151259004693684,9.33367941616322,1.00000000000001,28.6839608004078,2.01339456643874,304454000
