par1,par2,par3,par4,par5,par6,area_m2
991.36453855979,-1.03354263776207,108.192468186383,1.04604764136271,437.505826782897,37.8262698559953,490266000
