par1,par2,par3,par4,par5,par6,area_m2
503.665081879127,-0.25057839605239,11.7961162160824,1.2452560487085,5.41610993277031e-12,3.8248255260134,189845000
