par1,par2,par3,par4,par5,par6,area_m2
485.29061338677,0.110950938158992,3.74688515700872,2.45307322747223,237.691227923182,1.34444679959815,1628107000
