par1,par2,par3,par4,par5,par6,area_m2
323.118978789012,0.0193559858165808,1.00000000000002,1.00000000000001,107.108910955906,0.772282167719134,116901000
