par1,par2,par3,par4,par5,par6,area_m2
333.402440153574,0.000303980632928584,113.588900277991,1,78.0380144665158,39.8491994757951,360646000
