par1,par2,par3,par4,par5,par6,area_m2
1236.75278856314,-0.868129722673138,27.2701683082906,1,392.688925566982,9.20267203535173,138049000
