par1,par2,par3,par4,par5,par6,area_m2
307.646332233108,0.077677424368441,1,2.33976538645542,79.5391566839064,0.488359633558243,2244952000
