par1,par2,par3,par4,par5,par6,area_m2
592.799590760556,0.577645665433892,17.7432937234683,1.61818727766177,263.524699300509,12.0673597628401,102272492.7
