par1,par2,par3,par4,par5,par6,area_m2
110.107866504666,0.00120844445777225,106.752383745512,1,8.81094822288552e-11,43.454118279302,474587000
