par1,par2,par3,par4,par5,par6,area_m2
427.412937237218,0.0111250250711659,2.22389789785527,1.02408130623842,130.169450693862,0.783973411805283,95139240.65
