par1,par2,par3,par4,par5,par6,area_m2
240.920379350104,0.000413361621441264,107.054319668054,1.00000000000451,173.230435752171,5.69017489183564e-10,108363000
