par1,par2,par3,par4,par5,par6,area_m2
1951.91318689552,0.651906240018706,15.5044730908747,1.00101023434111,567.903043418318,7.41304063829724,146133000
