,,,,par1,par2,par3,par4,par5,par6,par7,par8,par9,par10,par11,par12,par13,par14,par15,par16,par17,par18,par19,par20,par21,par22,par23,par24,par25,par26,par27,par28,par29,par30,par31,par32,par33,par34
225.9516,0.3024725,37.47302,2.002758,0.608968994026192,0.775354251991657,0.234697982329423,0.953018055390708,85.0972475131185,419.085411300754,509.864809117221,833.099900429392,1160.55127846819,1307.31449989146,1587.60307761507,1919.44002931787,1997.95272854092,2337.44303284769,2639.23378150491,2757.74694664656,3120.26389039635,3385.67873658913,3490.45274018578,0.442947258408363,0.792470490555033,0.475268945542035,0.771788051335687,0.639593847259569,0.390555341202831,0.383404802691208,0.711878116244939,0.38507975277879,0.486146223118435,0.686835872030013,0.577768645452026,0.62841959215887,0.589951594508187,0.510053416412648
