par1,par2,par3,par4,par5,par6,area_m2
455.734934762719,0.386895120518219,18.7907832889839,1.20451114236867,1.24276271944487e-12,7.32384880106084,392590000
